{
  "meta_title": "Você ainda mais linda de roupas nova. Gi Vieira sua loja de moda feminina.",
  "meta_description": "Você ainda mais linda de roupas nova. Gi Vieira sua loja de moda feminina.",
  "sections": [
    {
      "type": "banner-slider",
      "autoplay": 9000,
      "full_width": false,
      "slides": [
        {
          "start": "",
          "end": "",
          "img": "/img/uploads/img_20221113_175408.png",
          "link": "https://www.giselevieira.com.br/pages/trocas"
        },
        {
          "start": "",
          "end": "",
          "img": "/img/uploads/img_20221215_093113.png"
        }
      ]
    },
    {
      "type": "banner-slider",
      "autoplay": 9000,
      "full_width": false,
      "slides": [
        {
          "start": "",
          "end": "",
          "img": "/img/uploads/banner-site-3-.jpg",
          "link": "https://www.giselevieira.com.br/outono -INVERNO "
        },
        {
          "start": "",
          "end": "",
          "img": "/img/uploads/banner-site-5-.jpg"
        },
        {
          "start": "",
          "end": "",
          "img": "/img/uploads/banner-site-4-.jpg"
        }
      ]
    },
    {
      "type": "collection-shelf",
      "shuffle": false,
      "limit": 8,
      "page": 4,
      "title": "Os mais desejados!",
      "sort": "news",
      "collection_id": "624133272e405e04ff0382eb:categories:Tropicais:/tropicais"
    },
    {
      "type": "breadcrumbs",
      "enabled": true
    },
    {
      "type": "dynamic-showcase",
      "load_more": true,
      "sort": "news"
    },
    {
      "type": "banner-slider",
      "autoplay": 9000,
      "full_width": false,
      "slides": [
        {
          "start": "",
          "end": "",
          "img": "/img/uploads/img_20221123_000714.jpg"
        },
        {
          "start": "",
          "end": "",
          "img": "/img/uploads/img_20221123_000639.jpg"
        },
        {
          "start": "",
          "end": "",
          "img": "/img/uploads/img_20221123_000551.jpg"
        },
        {
          "start": "",
          "end": "",
          "img": "/img/uploads/img_20221123_000425.jpg"
        },
        {
          "start": "",
          "end": "",
          "img": "/img/uploads/img_20221124_112320.jpg"
        }
      ]
    },
    {
      "type": "banner-slider",
      "autoplay": 9000,
      "full_width": false,
      "slides": [
        {
          "start": "",
          "end": "",
          "img": "/img/uploads/banho-e-tosa-banner-17-.png",
          "link": "https://www.instagram.com/giselevieirastore/"
        }
      ]
    }
  ]
}