{
  "shipping": {
    "show": true,
    "text": "Entregamos para todo o Brasil"
  },
  "installments": {
    "show": true,
    "text": "Parcele sem juros"
  },
  "exchange": {
    "show": true,
    "text": " Para troca somente com as etiquetas afixadas na peça pelo prazo de 15 (QUINZE) dias após o recebimento do produto, por produto com disponibilidade de estoque, de mesmo valor ou maior valor mediante pagamento de diferença.  DEVOLUÇÕES SOMENTE COM AS ETIQUETAS AFIXADAS PARA COMPRAS ON LINE, PELO PRAZO DE 7 (SETE) DIAS OU 90 (NOVENTA) DIAS, EM CASO DE COMPROVADO DEFEITO DE FABRICAÇÃO,  CONFORME CÓDIGO DE DEFESA DO CONSUMIDOR.  Não realizamos devoluções e trocas após utilização e/ou lavagem da peça. Devoluções e trocas somente após análise técnica da peça.",
    "title": "POLITICA DE TROCAS"
  },
  "promo": {
    "show": true,
    "text": "Diferentes promoções ao longo do ano!"
  }
}